{"episode_rewards": [11.0], "initial_reset_timestamp": 1547912540.627467, "episode_lengths": [11], "episode_types": ["t"], "timestamps": [1547912542.6404247]}